<?xml version="1.0" encoding="UTF-8"?>
<beans xmlns:xsi="http://www.w3.org/2001/XMLSchema-instance"
       xmlns:context="http://www.springframework.org/schema/context"
       xmlns="http://www.springframework.org/schema/beans"
       xsi:schemaLocation="
        http://www.springframework.org/schema/beans
        http://www.springframework.org/schema/beans/spring-beans.xsd
        http://www.springframework.org/schema/context
        http://www.springframework.org/schema/context/spring-context.xsd">
    <context:component-scan base-package="ru.sberbank.javacourse.springmvc.web.mvc"/>
    <!--<mvc:annotation-driven/>--> <!-- Аналог EnableWebMvc -->

    <bean id="viewResolver"
          class="org.springframework.web.servlet.view.InternalResourceViewResolver">
        <property name="prefix" value="/WEB-INF/jsp/"/>
        <property name="suffix" value=".jsp"/>
    </bean>

    <bean class="ru.sberbank.javacourse.springmvc.controller.UserControllerImpl">
        <constructor-arg ref="userRepository"/>
    </bean>
    <bean id="userRepository"
          class="ru.sberbank.javacourse.springmvc.repository.SimpleUserRepository"/>
</beans>
